{
  "project_info": {
    "project_number": "438105456096",
    "firebase_url": "https://mapingo-45e8c.firebaseio.com",
    "project_id": "mapingo-45e8c",
    "storage_bucket": "mapingo-45e8c.appspot.com"
  },
  "client": [
    {
      "client_info": {
        "mobilesdk_app_id": "1:438105456096:android:93180ecefe996e18",
        "android_client_info": {
          "package_name": "com.debkbanerji.mapingo"
        }
      },
      "oauth_client": [
        {
          "client_id": "438105456096-usr55gmh5841kbs97vljgpj19ce5c74u.apps.googleusercontent.com",
          "client_type": 3
        }
      ],
      "api_key": [
        {
          "current_key": "AIzaSyAThT1nRc3imlq3KHiaCkwoDSU7RVzsJPU"
        }
      ],
      "services": {
        "analytics_service": {
          "status": 1
        },
        "appinvite_service": {
          "status": 1,
          "other_platform_oauth_client": []
        },
        "ads_service": {
          "status": 2
        }
      }
    }
  ],
  "configuration_version": "1"
}